node_page, link
1, "2 3 4 5 6 7 9 91 92 94 119 122"
2, "1 3 5 92 101 119 1"20 122
3, "5"
4, "5 3"
5, "1 2 3 6"
6, "5 7 1"
7, "5 1"
8, "9"
9, "13"
10, "11"
11, "19 15 16 119"
12, "13"
13, "10 103"
14, "19"
15, "140 141"
16, "145 153 158"
17, "16"
18, "15"
19, "110 113"
20, ""
21, "22 73"
22, "23 29"
23, "29"
24, "29"
25, "28"
26, "28"
27, "28"
28, "21"
29, "32"
30, "28"
31, "32"
32, "33"
33, ""
34, "31"
35, "31"
36, "33"
37, "31"
38, "40"
39, "38"
40, ""
41, "40 45"
42, "41"
43, ""
44, "43"
45, "43"
46, "47"
47, "48"
48, "39"
49, "48"
50, "47"
51, "49"
52, "49"
53, "54"
54, "55"
55, "56 59"
56, "57"
57, "58 60"
58, "72"
59, ""
60, ""
61, "62"
62, "54"
63, "56 59"
64, "58 60"
65, "54 73"
66, "54 73"
67, "56 59"
68, "58 60"
69, "73"
70, "74 77"
71, "75 78"
72, "84"
73, "70"
74, "71"
75, "72 127"
76, "73"
77, ""
78, ""
79, "75 78"
80, "74 77"
81, "75 78"
82, "74 77"
83, "84"
84, "85"
85, "87"
86, "87"
87, ""
88, "87"
89, "41"
90, "91 93"
91, ""
92, ""
93, "98 104 112"
94, ""
95, "97"
96, "100"
97, "104 98"
98, "109"
99, "97"
100, "98 104"
101, "103 113"
102, "105"
103, ""
104, "106 107 112"
105, "98 104 106 107"
106, "109"
107, ""
108, "98 101"
109, "103 110 112"
110, ""
111, "107"
112, ""
113, "109 110"
114, "115 119"
115, ""
116, "119"
117, "116"
118, "120"
119, "2"
120, ""
121, "119"
122, ""
123, "119"
124, ""
125, "31 124"
126, "54 124 129 133 137"
127, "125"
128, "126"
129, ""
130, "127"
131, "128"
132, ""
133, ""
134, "129"
135, "132 133"
136, "132 138 140"
137, "133 138 141"
138, "140 141"
139, "136"
140, "132 143"
141, "133 143"
142, "137"
143, ""
144, "149 156"
145, "148"
146, "145"
147, "148"
148, "144"
149, ""
150, "149"
151, "149 156"
152, "166"
153, "156"
154, "153"
155, "156"
156, "152"
157, "148 162"
158, "161"
159, "158"
160, "161"
161, "157"
162, ""
163, "148 162"
164, "162"
165, "166"
166, ""
167, "153 169 170"
168, "169 170"
169, ""
170, "171"
171, "62 93 169 170 174"
172, "169 170"
173, "170 174"
174, ""
175, "169 174"
